,BASN.ndvi.m,CALI.ndvi.m,COLL.ndvi.m,EAST.ndvi.m,GRAV.ndvi.m,IBPE.ndvi.m,NORT.ndvi.m,RABB.ndvi.m,SAND.ndvi.m,SMAL.ndvi.m,SUMM.ndvi.m,TAYL.ndvi.m,TOBO.ndvi.m,WELL.ndvi.m,WEST.ndvi.m
MOD13Q1.A2000049.250m_16_days_NDVI,1423,1585,1622,1299,1601,1643,1457,1573,1597,1540,1916,1234,1277,1623,1289
MOD13Q1.A2000065.250m_16_days_NDVI,1435,1481,1593,1283,1509,1646,1553,1576,1616,1518,1951,1260,1307,1592,1319
MOD13Q1.A2000081.250m_16_days_NDVI,1386,1476,1527,1275,1452,1589,1475,1522,1498,1519,1845,1279,1290,1519,1299
MOD13Q1.A2000097.250m_16_days_NDVI,1388,1665,1546,1326,1451,1568,1456,1569,1526,1476,1855,1279,1243,1561,1308
MOD13Q1.A2000113.250m_16_days_NDVI,1283,1367,1535,1184,1455,1533,1789,1861,1470,1734,1776,1266,1327,1915,1211
MOD13Q1.A2000129.250m_16_days_NDVI,1337,1450,1518,1246,1407,1543,1902,1899,1457,1806,1752,1247,1257,1915,1242
MOD13Q1.A2000145.250m_16_days_NDVI,1395,1405,1650,1305,1496,1661,1893,1888,1464,1751,1641,1281,1424,1852,1302
MOD13Q1.A2000161.250m_16_days_NDVI,1557,1634,1898,1429,1675,2051,1829,2055,1763,1348,1864,1440,1958,1902,1258
MOD13Q1.A2000177.250m_16_days_NDVI,2397,2688,2728,1968,2170,3442,2370,2692,2644,2340,2884,2153,3600,2232,1970
MOD13Q1.A2000193.250m_16_days_NDVI,2819,2519,2824,1863,1914,3450,2514,2957,2793,2876,3205,1871,3841,2333,1734
MOD13Q1.A2000209.250m_16_days_NDVI,2204,2267,2515,1671,1728,2839,2460,2733,2131,2957,2348,1705,2516,2171,1648
MOD13Q1.A2000225.250m_16_days_NDVI,1736,1660,1919,1513,1549,2465,2349,2698,1829,2545,2162,1627,1888,2093,1539
MOD13Q1.A2000241.250m_16_days_NDVI,1668,1761,1947,1431,1592,2664,2237,2393,1801,2502,2389,1828,1823,1976,1379
MOD13Q1.A2000257.250m_16_days_NDVI,1579,1678,1698,1366,1490,2115,2198,2355,1715,2292,2195,1396,1532,1971,1351
MOD13Q1.A2000273.250m_16_days_NDVI,1552,1668,1910,1407,1482,2031,2144,2275,1688,2244,2132,1423,1498,1915,1352
MOD13Q1.A2000289.250m_16_days_NDVI,1605,1650,1911,1381,1662,2057,2200,2220,1888,2191,1933,1963,1554,1942,1370
MOD13Q1.A2000305.250m_16_days_NDVI,1490,1550,1532,1481,1505,1671,1729,1794,1675,2003,1976,1591,1340,1652,1479
MOD13Q1.A2000321.250m_16_days_NDVI,1323,1503,1584,1380,1404,1598,1601,1670,1499,1682,2087,1307,1212,1527,1289
MOD13Q1.A2000337.250m_16_days_NDVI,1337,1589,1422,1338,1505,1567,1481,1519,1641,1556,2097,1314,1140,1471,1284
MOD13Q1.A2000353.250m_16_days_NDVI,1373,1677,1516,1371,1496,1664,1489,1568,1578,1583,2014,1332,1189,1526,1245
MOD13Q1.A2001001.250m_16_days_NDVI,1460,1547,1464,1488,1468,1690,1542,1653,1721,1679,2043,1437,1302,1588,1403
MOD13Q1.A2001017.250m_16_days_NDVI,1466,1519,1332,1325,1475,1629,1454,1512,1698,1579,2185,1247,1176,1526,1193
MOD13Q1.A2001033.250m_16_days_NDVI,1270,1460,1365,1252,1627,1590,1409,1504,1537,1531,2011,1269,1227,1463,1270
MOD13Q1.A2001049.250m_16_days_NDVI,1304,1701,1283,1247,1396,1676,1457,1530,1623,1616,2006,1242,1227,1506,1277
MOD13Q1.A2001065.250m_16_days_NDVI,1560,1952,1368,1287,1559,1905,1527,1722,1736,1867,2180,1267,1344,1684,1268
MOD13Q1.A2001081.250m_16_days_NDVI,1624,1760,1382,1214,1514,2061,1496,1696,1775,1933,1993,1234,1389,1832,1233
MOD13Q1.A2001097.250m_16_days_NDVI,1666,1921,1416,1328,1618,1920,1703,1865,1918,2056,2369,1271,1611,1873,1262
MOD13Q1.A2001113.250m_16_days_NDVI,1459,1640,1522,1316,1549,1745,2241,2152,1594,2056,2079,1276,1634,2136,1271
MOD13Q1.A2001129.250m_16_days_NDVI,1490,1546,1658,1300,1590,1787,2327,2251,1583,2088,2253,1309,1481,2262,1249
MOD13Q1.A2001145.250m_16_days_NDVI,1444,1602,1617,1248,1478,1689,2254,2154,1550,1985,2071,1277,1521,2148,1201
MOD13Q1.A2001161.250m_16_days_NDVI,1383,1472,1563,1245,1450,1642,2171,2147,1500,1942,1903,1237,1300,2053,1219
MOD13Q1.A2001177.250m_16_days_NDVI,1420,1470,1650,1281,1536,1641,1996,2175,1605,1997,2111,1329,1386,2211,1334
MOD13Q1.A2001193.250m_16_days_NDVI,1387,1485,1564,1223,1475,1686,2050,2024,1523,1908,1807,1340,1702,2115,1228
MOD13Q1.A2001209.250m_16_days_NDVI,1346,1462,1583,1284,1427,1616,2012,1896,1438,1774,1896,1426,1438,1865,1358
MOD13Q1.A2001225.250m_16_days_NDVI,1310,1453,1531,1337,1389,1726,2027,2032,1438,1605,1675,1449,1334,2016,1315
MOD13Q1.A2001241.250m_16_days_NDVI,1371,1544,2126,1313,1395,1701,1964,1947,1470,1721,1931,1454,1333,1932,1255
MOD13Q1.A2001257.250m_16_days_NDVI,1785,1729,3232,1420,1592,2141,2088,2058,1657,2256,2159,2259,1779,1988,1447
MOD13Q1.A2001273.250m_16_days_NDVI,1834,1825,3036,1439,1590,2281,2030,2017,1929,2315,2390,1842,2065,2064,1481
MOD13Q1.A2001289.250m_16_days_NDVI,1662,1788,2441,1451,1518,2171,2059,2122,1731,2278,2249,1724,2011,2067,1394
MOD13Q1.A2001305.250m_16_days_NDVI,1523,1742,2552,1362,1574,2083,1966,2037,1688,2227,2167,1647,1532,2030,1317
MOD13Q1.A2001321.250m_16_days_NDVI,1581,1757,1846,1357,1558,1853,1823,1917,1711,1907,2031,1573,1473,1935,1345
MOD13Q1.A2001337.250m_16_days_NDVI,1456,1597,1767,1400,1772,1758,1611,1689,1674,1816,2036,1470,1465,1723,1345
MOD13Q1.A2001353.250m_16_days_NDVI,1437,1718,1669,1331,1375,1720,1541,1587,1576,1605,2093,1410,1515,1596,1219
MOD13Q1.A2002001.250m_16_days_NDVI,1411,1590,1613,1298,1648,1672,1466,1470,1711,1727,1881,1350,1337,1550,1221
MOD13Q1.A2002017.250m_16_days_NDVI,1416,1540,1620,1421,1465,1626,1579,1607,1733,1652,1976,1488,1400,1618,1322
MOD13Q1.A2002033.250m_16_days_NDVI,1347,1416,1425,1454,1541,1590,1540,1561,1532,1552,1953,1564,1301,1596,1497
MOD13Q1.A2002049.250m_16_days_NDVI,1297,1367,1335,1232,1280,1476,1466,1482,1485,1503,1906,1250,1230,1516,1228
MOD13Q1.A2002065.250m_16_days_NDVI,1262,1343,1393,1150,1269,1534,1542,1556,1433,1555,1893,1274,1218,1543,1191
MOD13Q1.A2002081.250m_16_days_NDVI,1259,1476,1435,1235,1262,1570,1515,1558,1470,1567,1638,1226,1192,1550,1171
MOD13Q1.A2002097.250m_16_days_NDVI,1245,1357,1509,1209,1462,1529,1496,1551,1461,1576,1805,1243,1192,1572,1221
MOD13Q1.A2002113.250m_16_days_NDVI,1249,1284,1442,1221,1228,1532,1904,1971,1442,1930,1622,1241,1268,1903,1219
MOD13Q1.A2002129.250m_16_days_NDVI,1227,1312,1519,1153,1296,1631,1896,1924,1438,1977,1943,1240,1334,1963,1181
MOD13Q1.A2002145.250m_16_days_NDVI,1252,1408,1610,1145,1312,1537,1850,1881,1365,2029,1666,1217,1257,1894,1147
MOD13Q1.A2002161.250m_16_days_NDVI,1323,1343,1432,1136,1349,1579,1815,1810,1403,1848,1672,1200,1327,1780,1208
MOD13Q1.A2002177.250m_16_days_NDVI,1399,1603,1441,1289,1409,1570,1827,1794,1488,1826,1817,1390,1377,1821,1309
MOD13Q1.A2002193.250m_16_days_NDVI,1527,1493,1713,1415,1309,1884,1726,1811,1501,1784,1905,1536,1530,1822,1404
MOD13Q1.A2002209.250m_16_days_NDVI,2284,1784,2416,1651,1449,2645,1959,2187,1825,1756,1946,1959,2191,1718,1628
MOD13Q1.A2002225.250m_16_days_NDVI,2492,1922,2764,1994,1629,2345,1895,2101,1988,2364,2478,1768,2487,1718,1727
MOD13Q1.A2002241.250m_16_days_NDVI,2327,1906,3600,1745,1671,2347,1805,1997,2208,2647,2380,1587,1960,1747,1750
MOD13Q1.A2002257.250m_16_days_NDVI,2015,1990,2425,1590,1611,2097,1814,1976,1862,2553,2148,1535,1948,1655,1779
MOD13Q1.A2002273.250m_16_days_NDVI,1854,2132,3442,1594,1808,1836,1753,1853,1779,2340,2268,1495,1567,1524,1689
MOD13Q1.A2002289.250m_16_days_NDVI,2257,2007,2821,2112,1773,2061,2022,1917,1828,2152,2617,2157,1983,1625,2007
MOD13Q1.A2002305.250m_16_days_NDVI,1602,1709,2588,1506,1529,1677,1628,1753,1674,2016,2038,1453,1336,1531,1541
MOD13Q1.A2002321.250m_16_days_NDVI,1533,1902,1734,1416,1735,1612,1462,1573,1630,1758,2005,1353,1389,1480,1680
MOD13Q1.A2002337.250m_16_days_NDVI,1612,1737,1775,1751,1949,1530,1443,1494,1932,1721,1931,1792,1522,1364,1843
MOD13Q1.A2002353.250m_16_days_NDVI,1576,1723,1743,1634,1734,1438,1389,1461,1839,1655,1982,1514,1307,1365,1674
MOD13Q1.A2003001.250m_16_days_NDVI,1370,1558,1703,1310,1533,1501,1359,1477,1597,1480,2009,1338,1232,1372,1331
MOD13Q1.A2003017.250m_16_days_NDVI,1384,1604,1556,1386,1541,1492,1407,1433,1602,1575,1900,1245,1208,1339,1340
MOD13Q1.A2003033.250m_16_days_NDVI,1618,1827,1756,1559,1687,1639,1601,1583,1806,1771,2141,1616,1458,1557,1657
MOD13Q1.A2003049.250m_16_days_NDVI,1425,1812,1574,1603,1582,1694,1375,1479,1794,1786,2225,1470,1520,1440,1326
MOD13Q1.A2003065.250m_16_days_NDVI,1393,1713,1546,1368,1827,1637,1510,1601,1602,1732,2235,1254,1299,1162,1386
MOD13Q1.A2003081.250m_16_days_NDVI,1490,1877,1753,1371,1768,1847,1540,1696,1756,1727,2273,1271,1388,1513,1367
MOD13Q1.A2003097.250m_16_days_NDVI,1530,2028,1912,1421,1870,1917,1653,1746,1966,1770,2218,1267,1431,1646,1412
MOD13Q1.A2003113.250m_16_days_NDVI,1575,1883,1751,1447,1711,1728,1942,2100,1822,1800,2168,1361,1481,1789,1363
MOD13Q1.A2003129.250m_16_days_NDVI,1487,1646,1763,1374,1622,1668,2081,2073,1677,1892,1909,1334,1504,1878,1374
MOD13Q1.A2003145.250m_16_days_NDVI,1557,1640,1860,1334,1837,1693,2037,2049,1736,2049,1889,1367,1521,1939,1399
MOD13Q1.A2003161.250m_16_days_NDVI,1439,1587,1723,1346,1633,1675,1949,1984,1699,2048,2006,1325,1405,1882,1365
MOD13Q1.A2003177.250m_16_days_NDVI,1438,1556,1734,1314,1559,1632,1810,1859,1626,1895,2128,1295,1455,1904,1348
MOD13Q1.A2003193.250m_16_days_NDVI,1456,1509,1736,1307,1479,1590,1778,1808,1548,1795,1721,1316,1340,1883,1322
MOD13Q1.A2003209.250m_16_days_NDVI,1455,1584,1697,1334,1490,1578,1822,1873,1666,1896,1858,1255,1369,1717,1314
MOD13Q1.A2003225.250m_16_days_NDVI,1440,1556,1704,1309,1419,1563,1744,1717,1662,1795,2013,1407,1285,1724,1295
MOD13Q1.A2003241.250m_16_days_NDVI,1447,1605,1701,1335,1454,1649,1787,1815,1623,1795,2105,1314,1283,1721,1290
MOD13Q1.A2003257.250m_16_days_NDVI,1435,1678,1558,1288,1628,1580,1755,1742,1606,1790,2484,1302,1348,1656,1307
MOD13Q1.A2003273.250m_16_days_NDVI,1385,1971,1645,1354,1527,1467,1758,1716,1624,1712,2135,1329,1312,1634,1354
MOD13Q1.A2003289.250m_16_days_NDVI,1384,1659,1544,1348,1427,1447,1670,1646,1584,1676,1864,1272,1246,1593,1294
MOD13Q1.A2003305.250m_16_days_NDVI,1437,1695,1596,1777,1494,1500,1646,1628,1598,1651,2160,1655,1580,1597,1508
MOD13Q1.A2003321.250m_16_days_NDVI,1293,1707,1378,1289,1488,1395,1454,1500,1583,1535,2099,1198,1178,1410,1155
MOD13Q1.A2003337.250m_16_days_NDVI,1321,1568,1346,1264,1370,1353,1425,1512,1678,1536,1926,1194,1162,1442,1254
MOD13Q1.A2003353.250m_16_days_NDVI,1294,1475,1371,1260,1387,1359,1413,1471,1619,1449,2005,1225,1184,1443,1211
MOD13Q1.A2004001.250m_16_days_NDVI,1243,1465,1373,1196,1461,1336,1327,1397,1548,1353,1911,1180,1127,1380,1168
MOD13Q1.A2004017.250m_16_days_NDVI,1280,1500,1331,1252,1402,1348,1426,1465,1556,1496,1785,1197,1147,1467,1186
MOD13Q1.A2004033.250m_16_days_NDVI,1261,1424,1320,1201,1341,1311,1405,1435,1444,1393,2039,1204,1197,1462,1176
MOD13Q1.A2004049.250m_16_days_NDVI,1216,1665,1311,1190,1255,1320,1435,1474,1375,1407,1954,1165,1126,1328,1142
MOD13Q1.A2004065.250m_16_days_NDVI,1232,1386,1243,1177,1284,1329,1369,1424,1377,1404,1834,1265,1177,1406,1182
MOD13Q1.A2004081.250m_16_days_NDVI,1338,1518,1399,1359,1406,1395,1417,1461,1849,1352,1715,1226,1215,1475,1309
MOD13Q1.A2004097.250m_16_days_NDVI,1347,1570,1419,1417,1606,1376,1339,1340,1712,1412,1881,1376,1260,1460,1348
MOD13Q1.A2004113.250m_16_days_NDVI,1506,1718,2135,1506,1645,1488,1822,1835,1750,1863,2006,1459,1502,1652,1450
MOD13Q1.A2004129.250m_16_days_NDVI,1585,1724,2296,1546,1652,1664,1905,1892,1811,1939,1831,1423,1449,1755,1401
MOD13Q1.A2004145.250m_16_days_NDVI,1656,1731,2338,1431,1675,1734,1879,1835,1813,2091,1967,1365,1581,1836,1405
MOD13Q1.A2004161.250m_16_days_NDVI,1750,1661,1537,1619,1718,1755,1922,1811,1718,2266,2110,1498,1511,1787,1420
MOD13Q1.A2004177.250m_16_days_NDVI,1838,1832,1613,1692,1700,1688,1809,1818,1729,2270,2152,1478,1557,1750,1588
MOD13Q1.A2004193.250m_16_days_NDVI,1603,1741,1788,1809,1586,1662,1780,1745,1652,2000,2062,1462,1384,1679,1482
MOD13Q1.A2004209.250m_16_days_NDVI,2037,2079,3685,1914,1656,1649,1831,1832,2089,2372,2469,1880,1788,1738,1829
MOD13Q1.A2004225.250m_16_days_NDVI,2247,2380,5111,1936,1876,2041,1901,1916,2204,2982,2827,1902,1958,1802,1859
MOD13Q1.A2004241.250m_16_days_NDVI,2852,2352,5490,1878,1829,1894,1845,1853,2261,2934,2938,1892,1764,1804,1640
MOD13Q1.A2004257.250m_16_days_NDVI,2241,2164,3795,1945,1743,1853,1804,1815,2009,2515,2661,1835,1657,1777,1565
MOD13Q1.A2004273.250m_16_days_NDVI,2100,2236,3241,1841,1849,1799,1870,1886,2005,2134,2538,1652,1609,1805,1741
MOD13Q1.A2004289.250m_16_days_NDVI,2313,2219,3401,1902,1860,1820,1806,1776,2053,2285,2646,1696,1618,1709,1857
MOD13Q1.A2004305.250m_16_days_NDVI,1979,2176,2730,1838,1791,1812,1706,1749,1991,2289,2687,1651,1491,1589,1848
MOD13Q1.A2004321.250m_16_days_NDVI,1992,2339,2177,2092,2167,1858,1545,1580,1987,1771,2737,1726,1774,1550,1781
MOD13Q1.A2004337.250m_16_days_NDVI,1655,2028,2374,1861,1916,1844,1457,1491,2119,1620,2368,1739,1761,1550,1897
MOD13Q1.A2004353.250m_16_days_NDVI,1609,1774,1757,1531,1910,1814,1446,1589,1851,1721,2112,1366,1279,1525,1429
MOD13Q1.A2005001.250m_16_days_NDVI,1883,1862,1668,1618,1945,1880,1479,1597,2017,1835,2127,1587,1556,1499,1759
MOD13Q1.A2005017.250m_16_days_NDVI,1596,1809,1510,1313,1653,2040,1503,1637,1851,1709,2190,1395,1303,1502,1316
MOD13Q1.A2005033.250m_16_days_NDVI,1773,2051,1548,1510,1865,2066,1497,1650,1875,1829,2234,1532,1474,1551,1438
MOD13Q1.A2005049.250m_16_days_NDVI,1739,2186,1547,1531,1959,2152,1632,1903,2281,1989,2287,1364,1373,1739,1517
MOD13Q1.A2005065.250m_16_days_NDVI,2117,2097,1928,1423,2280,2341,1659,1922,2298,2244,2720,1355,1464,1801,1413
MOD13Q1.A2005081.250m_16_days_NDVI,2303,2363,1997,1721,2047,2365,1635,1967,2259,2287,2975,1365,1548,1955,1489
MOD13Q1.A2005097.250m_16_days_NDVI,2454,2926,2480,1829,2326,2504,1528,1794,2319,2272,3018,1712,1812,1990,1648
MOD13Q1.A2005113.250m_16_days_NDVI,2211,2412,2200,1984,2175,2415,1626,1825,2504,2050,3018,1587,1937,1921,1640
MOD13Q1.A2005129.250m_16_days_NDVI,2005,2018,2413,1860,1865,2341,2107,2278,2068,2209,2394,1673,1710,2262,1672
MOD13Q1.A2005145.250m_16_days_NDVI,2174,1851,2883,1694,2054,2194,2113,2268,2054,2233,2244,1862,1967,2192,1690
MOD13Q1.A2005161.250m_16_days_NDVI,1870,1851,2735,1722,1962,2107,2081,2254,1950,2205,2187,1960,1854,2154,1617
MOD13Q1.A2005177.250m_16_days_NDVI,1788,1841,2518,1623,1796,2095,2049,2175,1958,2185,2165,1760,1747,2158,1621
MOD13Q1.A2005193.250m_16_days_NDVI,1799,1833,2749,1670,1716,2037,2003,2164,1922,2097,2057,1696,1719,2065,1530
MOD13Q1.A2005209.250m_16_days_NDVI,1739,1757,2176,1620,1590,2062,2088,2246,1917,2083,1931,1596,1519,2070,1502
MOD13Q1.A2005225.250m_16_days_NDVI,1733,2225,2349,1943,1728,2003,2086,2197,2361,2367,2500,1658,1572,2057,1952
MOD13Q1.A2005241.250m_16_days_NDVI,2296,2798,2968,2557,1720,2008,2094,2235,2722,2794,2921,2049,1603,2159,2281
MOD13Q1.A2005257.250m_16_days_NDVI,2346,2534,3038,2252,2037,2025,1917,2012,2490,2923,3062,2045,1683,1991,2196
MOD13Q1.A2005273.250m_16_days_NDVI,2058,2542,2569,2176,1963,1953,1876,2006,2457,2476,2883,1908,1482,2004,1928
MOD13Q1.A2005289.250m_16_days_NDVI,2250,2509,2626,2304,2067,2084,1748,1956,2210,2262,2902,1947,1366,1823,2053
MOD13Q1.A2005305.250m_16_days_NDVI,1892,2274,2209,2010,1835,1780,1620,1785,2150,1922,2517,1649,1290,1674,1705
MOD13Q1.A2005321.250m_16_days_NDVI,1825,1941,2066,1624,1896,1652,1422,1500,1981,1719,2391,1602,1238,1531,1522
MOD13Q1.A2005337.250m_16_days_NDVI,1708,1839,1726,1620,1851,1629,1472,1496,2080,1771,2269,1421,1220,1575,1529
MOD13Q1.A2005353.250m_16_days_NDVI,1787,1982,1708,1530,1921,1633,1417,1482,2116,1632,2201,1470,1246,1542,1451
MOD13Q1.A2006001.250m_16_days_NDVI,1645,1960,1684,1442,1745,1634,1380,1513,1950,1582,2039,1453,1217,1464,1416
MOD13Q1.A2006017.250m_16_days_NDVI,1552,1851,1845,1539,1688,1735,1473,1543,1918,1692,2237,1401,1340,1625,1454
MOD13Q1.A2006033.250m_16_days_NDVI,1511,1772,1637,1488,1752,1667,1402,1416,1760,1714,1994,1346,1247,1429,1413
MOD13Q1.A2006049.250m_16_days_NDVI,1582,1660,1763,1433,1431,1615,1498,1540,1779,1642,1982,1355,1270,1582,1388
MOD13Q1.A2006065.250m_16_days_NDVI,1571,1552,1685,1405,1443,1619,1519,1574,1635,1682,1871,1342,1303,1457,1301
MOD13Q1.A2006081.250m_16_days_NDVI,1436,1567,1629,1374,1570,1602,1468,1543,1687,1597,1811,1321,1285,1600,1346
MOD13Q1.A2006097.250m_16_days_NDVI,1516,1748,1521,1411,1418,1585,1551,1618,1640,1622,1817,1327,1260,1584,1400
MOD13Q1.A2006113.250m_16_days_NDVI,1496,1569,1797,1367,1506,1563,1531,1568,1632,1690,1847,1284,1216,1542,1319
MOD13Q1.A2006129.250m_16_days_NDVI,1509,1525,1954,1387,1490,1602,1555,1564,1588,1689,1749,1281,1353,1657,1264
MOD13Q1.A2006145.250m_16_days_NDVI,1547,1488,1850,1362,1448,1577,1589,1663,1594,1751,1680,1275,1385,1562,1244
MOD13Q1.A2006161.250m_16_days_NDVI,1462,1424,1965,1379,1502,1592,1589,1646,1593,1683,1746,1326,1418,1606,1342
MOD13Q1.A2006177.250m_16_days_NDVI,1469,1490,1814,1402,1474,1580,1553,1705,1586,1740,1772,1363,1451,1614,1334
MOD13Q1.A2006193.250m_16_days_NDVI,1417,1475,1797,1351,1442,1742,1554,1573,1542,1696,1839,1309,1411,1643,1312
MOD13Q1.A2006209.250m_16_days_NDVI,1834,1650,2194,1790,1796,2760,1744,1801,1901,2100,2023,1727,1859,1730,1663
MOD13Q1.A2006225.250m_16_days_NDVI,3488,3105,4405,2217,2171,4989,2313,2580,2716,2549,3238,2197,3600,2026,2029
MOD13Q1.A2006241.250m_16_days_NDVI,4403,3455,5203,2769,2353,5106,2399,3264,3038,2802,4046,2738,4918,2343,2992
MOD13Q1.A2006257.250m_16_days_NDVI,4218,3478,5386,2946,2841,4973,2626,3087,2947,2949,4170,2840,5104,2550,2867
MOD13Q1.A2006273.250m_16_days_NDVI,3806,3419,5146,3652,2580,4181,2624,2905,2703,2792,3481,3136,4897,2450,3655
MOD13Q1.A2006289.250m_16_days_NDVI,3426,3184,3876,3658,2458,2843,2160,2245,2468,2544,3171,2900,4430,2091,3497
MOD13Q1.A2006305.250m_16_days_NDVI,2833,2762,3655,2520,2200,2341,2064,1952,2345,2235,3059,2154,3279,1966,2508
MOD13Q1.A2006321.250m_16_days_NDVI,2522,2543,2873,2319,2128,2199,1845,1806,2193,1943,2796,1820,2582,1895,2103
MOD13Q1.A2006337.250m_16_days_NDVI,2323,2252,2146,1918,1910,2208,1624,1709,2012,1753,2518,1658,2477,1850,1881
MOD13Q1.A2006353.250m_16_days_NDVI,2313,2109,2582,2094,2040,2193,1569,1647,2053,1913,2642,1676,2160,1805,1845
MOD13Q1.A2007001.250m_16_days_NDVI,2129,2331,2268,2315,1895,2167,1613,1732,2204,1783,2287,1726,2151,1803,2102
MOD13Q1.A2007017.250m_16_days_NDVI,2250,2022,2463,2375,1883,2016,1595,1656,2075,1695,2345,1823,2296,1731,2079
MOD13Q1.A2007033.250m_16_days_NDVI,2278,1980,2242,2471,1973,1978,1548,1618,2087,1816,2143,1742,2237,1780,1924
MOD13Q1.A2007049.250m_16_days_NDVI,2363,2188,2278,2203,1747,2036,1628,1685,1926,1898,2387,1543,1954,1820,1792
MOD13Q1.A2007065.250m_16_days_NDVI,2451,2284,2407,2231,1837,2223,1798,1862,2373,2118,2604,1503,2030,1944,1798
MOD13Q1.A2007081.250m_16_days_NDVI,2623,2570,2581,2362,2143,2447,1818,1930,2674,2223,2712,1696,2305,2037,1882
MOD13Q1.A2007097.250m_16_days_NDVI,2594,2543,2620,2259,1928,2437,1938,2078,2388,2559,2617,1770,2233,2221,2013
MOD13Q1.A2007113.250m_16_days_NDVI,2471,2215,2544,2401,1947,2406,2477,2569,2626,2374,2742,1913,2171,2664,2060
MOD13Q1.A2007129.250m_16_days_NDVI,2223,2366,3074,2713,1943,2676,2452,2702,2165,2517,2695,1908,2259,2672,2439
MOD13Q1.A2007145.250m_16_days_NDVI,2358,2292,3293,2320,1952,2712,2614,2778,2259,2699,2601,2468,2626,2708,2049
MOD13Q1.A2007161.250m_16_days_NDVI,2438,2430,3238,2386,2068,2742,2764,2915,2484,2649,2576,2248,2627,2665,2354
MOD13Q1.A2007177.250m_16_days_NDVI,2184,2238,2680,2560,1839,2612,2535,2735,2066,3158,2726,2342,2392,2569,2247
MOD13Q1.A2007193.250m_16_days_NDVI,2512,2693,3085,2732,2029,2580,2489,2723,2344,3123,2925,1996,2844,2741,2387
MOD13Q1.A2007209.250m_16_days_NDVI,2543,2719,3115,2740,2221,2679,2591,2831,2444,3144,2561,2016,2832,2568,2507
MOD13Q1.A2007225.250m_16_days_NDVI,2696,2219,2817,2362,2181,2425,2443,2670,2458,2873,2751,2223,2688,2480,2487
MOD13Q1.A2007241.250m_16_days_NDVI,2276,2687,2960,2185,1996,2474,2293,2562,2360,2683,2668,1988,2551,2346,2009
MOD13Q1.A2007257.250m_16_days_NDVI,2545,2794,2959,2574,2323,2788,2617,2706,2686,2453,3347,2033,2733,2592,2152
MOD13Q1.A2007273.250m_16_days_NDVI,2443,2559,2773,2536,1969,2539,2182,2397,2302,2378,2970,2015,2341,2176,2315
MOD13Q1.A2007289.250m_16_days_NDVI,1976,2555,2334,2139,2033,2191,2041,2087,2065,2265,2753,1846,1924,2049,1942
MOD13Q1.A2007305.250m_16_days_NDVI,1825,2130,2194,1856,1832,1902,1831,2023,2005,1999,2277,1641,1693,1887,1775
MOD13Q1.A2007321.250m_16_days_NDVI,2091,2266,2152,2016,2142,2103,1758,1907,2322,2277,2353,1870,1798,1984,1794
MOD13Q1.A2007337.250m_16_days_NDVI,2066,2095,1867,2007,1969,2039,1680,1786,2361,1900,2207,1843,1798,1706,1902
MOD13Q1.A2007353.250m_16_days_NDVI,1614,1809,1756,1710,2092,1793,1505,1632,1925,1707,2209,1579,1405,1558,1538
MOD13Q1.A2008001.250m_16_days_NDVI,1705,1759,1612,1447,1669,1769,1445,1568,1813,1606,1929,1341,1434,1596,1359
MOD13Q1.A2008017.250m_16_days_NDVI,1801,1958,1632,1602,1834,1746,1528,1656,1892,1698,2262,1394,1485,1570,1431
MOD13Q1.A2008033.250m_16_days_NDVI,1548,1584,1676,1608,1598,1735,1527,1652,1712,1677,2188,1467,1426,1575,1352
MOD13Q1.A2008049.250m_16_days_NDVI,1548,1705,1678,1594,1522,1671,1483,1593,1626,1630,1958,1394,1415,1574,1465
MOD13Q1.A2008065.250m_16_days_NDVI,1409,1489,1514,1528,1527,1625,1439,1566,1584,1626,1880,1436,1383,1536,1385
MOD13Q1.A2008081.250m_16_days_NDVI,1425,1463,1527,1506,1428,1623,1447,1571,1609,1562,1984,1351,1366,1534,1348
MOD13Q1.A2008097.250m_16_days_NDVI,1405,1486,1490,1551,1490,1614,1458,1553,1695,1551,1864,1306,1403,1574,1300
MOD13Q1.A2008113.250m_16_days_NDVI,1371,1513,1453,1380,1539,1504,1528,1593,1578,1575,1763,1323,1271,1676,1288
MOD13Q1.A2008129.250m_16_days_NDVI,1517,1479,1626,1482,1501,1614,1625,1850,1567,1817,1928,1322,1372,1779,1371
MOD13Q1.A2008145.250m_16_days_NDVI,1475,1540,1722,1525,1660,1583,1721,1930,1524,1959,1930,1306,1362,1839,1307
MOD13Q1.A2008161.250m_16_days_NDVI,1456,1423,1741,1365,1436,1858,1767,1997,1531,1942,1702,1346,1540,1797,1299
MOD13Q1.A2008177.250m_16_days_NDVI,1510,1752,1830,1727,1630,1712,1749,1862,1556,1871,1789,1502,1374,1785,1739
MOD13Q1.A2008193.250m_16_days_NDVI,3164,2563,2508,2511,2426,2098,2012,2299,2684,2216,2571,2111,2882,2088,2274
MOD13Q1.A2008209.250m_16_days_NDVI,5095,3782,4067,3811,3347,3861,2884,3346,3730,4190,3544,2811,4521,2666,3681
MOD13Q1.A2008225.250m_16_days_NDVI,4487,3796,4146,3777,3859,5064,2920,3400,3907,4167,4504,2694,4050,2955,3093
MOD13Q1.A2008241.250m_16_days_NDVI,4546,3618,3680,3233,2979,3840,2986,3421,3155,4132,4200,2371,3959,3064,2801
MOD13Q1.A2008257.250m_16_days_NDVI,4033,3575,4997,3576,3214,3395,2946,3216,3089,4009,4570,2755,3930,3077,3125
MOD13Q1.A2008273.250m_16_days_NDVI,3288,3134,4352,2938,2544,3044,2605,2786,2603,3433,3470,2294,3565,2759,2877
MOD13Q1.A2008289.250m_16_days_NDVI,2428,2814,4842,2496,2379,2778,2246,2518,2250,3004,2868,2120,2730,2535,2445
MOD13Q1.A2008305.250m_16_days_NDVI,2122,2486,2851,2216,2019,2050,1910,1960,2202,2244,2685,1916,1907,1898,1955
MOD13Q1.A2008321.250m_16_days_NDVI,2081,2323,2601,2115,2257,1974,1722,1930,2464,2081,2558,1902,1989,1768,2019
MOD13Q1.A2008337.250m_16_days_NDVI,2082,2188,2356,1922,2016,1867,1516,1804,2034,1973,2414,1607,1672,1648,1885
MOD13Q1.A2008353.250m_16_days_NDVI,1995,2205,2159,1834,1986,1748,1649,1748,1883,1945,2367,1469,1573,1589,1548
MOD13Q1.A2009001.250m_16_days_NDVI,1898,1891,2187,1834,1788,1748,1649,1748,1878,1835,2439,1501,1573,1589,1548
MOD13Q1.A2009017.250m_16_days_NDVI,1727,1905,1811,1724,1757,1789,1496,1640,1730,1821,2208,1488,1531,1633,1570
MOD13Q1.A2009033.250m_16_days_NDVI,1767,1874,2035,1692,1584,1708,1482,1611,1737,1727,2076,1391,1476,1557,1558
MOD13Q1.A2009049.250m_16_days_NDVI,1721,1767,2067,1703,1711,1681,1549,1646,1772,1712,2106,1566,1404,1623,1527
MOD13Q1.A2009065.250m_16_days_NDVI,1718,1907,2041,1703,1521,1665,1548,1617,1700,1818,1842,1496,1443,1591,1482
MOD13Q1.A2009081.250m_16_days_NDVI,1611,1761,2008,1630,1518,1578,1491,1592,1642,1724,2007,1401,1380,1579,1465
MOD13Q1.A2009097.250m_16_days_NDVI,1659,1665,2085,1639,1499,1636,1491,1614,1575,1718,2033,1458,1381,1577,1440
MOD13Q1.A2009113.250m_16_days_NDVI,1593,1576,2056,1622,1620,1597,1504,1603,1598,1912,2087,1475,1437,1730,1417
MOD13Q1.A2009129.250m_16_days_NDVI,1672,1572,2000,1564,1590,1707,1636,1792,1615,2166,2079,1526,1392,1866,1393
MOD13Q1.A2009145.250m_16_days_NDVI,1571,1715,2179,1587,1603,1656,1743,1821,1550,2048,1901,1430,1316,1968,1593
MOD13Q1.A2009161.250m_16_days_NDVI,1608,1679,2099,1582,1556,1694,1760,1802,1586,2030,2023,1501,1610,1847,1406
MOD13Q1.A2009177.250m_16_days_NDVI,1616,1725,2030,1647,1718,2208,2027,1967,1592,2230,1992,1972,2230,1938,1527
MOD13Q1.A2009193.250m_16_days_NDVI,1552,1670,1886,1698,1606,2219,2220,2227,1575,2008,1993,1878,2011,2033,1574
MOD13Q1.A2009209.250m_16_days_NDVI,1570,1993,2060,1706,1528,2164,2024,2119,1656,1935,2182,1703,1806,1954,1560
MOD13Q1.A2009225.250m_16_days_NDVI,1650,1873,1971,1685,1735,2134,2115,2313,1609,1885,2410,1605,1714,1894,1679
MOD13Q1.A2009241.250m_16_days_NDVI,1938,2545,2020,2302,1779,2114,2197,2057,1931,1818,2714,1567,1538,1900,2172
MOD13Q1.A2009257.250m_16_days_NDVI,2242,2688,2141,1984,1916,2232,2153,2250,2120,1864,3016,1554,1943,1920,2384
MOD13Q1.A2009273.250m_16_days_NDVI,2152,2223,2149,1972,1852,2019,2011,2120,1957,2086,2951,1450,1708,1866,1805
MOD13Q1.A2009289.250m_16_days_NDVI,2109,2252,2125,2165,2197,1931,1912,1879,2310,1900,2765,1539,1800,1748,1918
MOD13Q1.A2009305.250m_16_days_NDVI,1753,1984,1906,1662,1739,1617,1603,1620,1824,1630,2305,1325,1468,1524,1453
MOD13Q1.A2009321.250m_16_days_NDVI,1604,1764,1765,1678,1856,1547,1394,1533,1800,1442,2637,1361,1299,1476,1452
MOD13Q1.A2009337.250m_16_days_NDVI,1529,1932,1742,1610,1873,1518,1496,1488,1951,1480,1990,1710,1305,1405,1535
MOD13Q1.A2009353.250m_16_days_NDVI,1503,1727,1595,1836,1717,1479,1454,1363,1726,1509,2144,1813,1287,1369,1389
MOD13Q1.A2010001.250m_16_days_NDVI,1488,1523,1603,1711,1632,1441,1447,1395,1668,1427,1914,1343,1361,1375,1383
MOD13Q1.A2010017.250m_16_days_NDVI,1369,1728,1598,1855,1623,1684,1377,1390,1594,1361,1781,1558,1300,1294,1581
MOD13Q1.A2010033.250m_16_days_NDVI,1495,1564,1696,1892,1454,1382,1339,1341,1710,1627,1738,1773,1357,1315,1779
MOD13Q1.A2010049.250m_16_days_NDVI,1373,1567,1488,1528,1475,1405,1306,1322,1740,1386,2028,1338,1248,1314,1520
MOD13Q1.A2010065.250m_16_days_NDVI,1447,1501,1500,1547,1430,1411,1419,1435,1676,1457,1788,1362,1231,1366,1348
MOD13Q1.A2010081.250m_16_days_NDVI,1567,1651,1630,1613,1629,1412,1495,1506,1835,1614,1840,1396,1342,1396,1404
MOD13Q1.A2010097.250m_16_days_NDVI,1752,1819,1814,1678,1891,1544,1491,1585,2103,1672,2598,1438,1429,1504,1393
MOD13Q1.A2010113.250m_16_days_NDVI,1813,1973,1936,1881,1947,1716,1801,1804,2039,1960,2559,1542,1712,1668,1507
MOD13Q1.A2010129.250m_16_days_NDVI,1788,1930,2034,1734,2051,1868,2106,2088,2020,2193,2210,1585,1755,2026,1624
MOD13Q1.A2010145.250m_16_days_NDVI,1763,1945,2084,1679,1899,1808,2029,2189,1887,2132,2009,1559,1818,2060,1530
MOD13Q1.A2010161.250m_16_days_NDVI,1749,1946,2161,1705,1885,1844,2131,2076,1874,2240,2122,1536,1572,2045,1479
MOD13Q1.A2010177.250m_16_days_NDVI,1688,2108,2086,1720,1791,1990,2123,2140,2127,2204,2245,1616,1627,2130,1568
MOD13Q1.A2010193.250m_16_days_NDVI,1662,2471,2083,1780,1999,1924,2308,2285,1973,2254,2870,1906,1792,2112,1444
MOD13Q1.A2010209.250m_16_days_NDVI,2510,3113,3855,2423,2252,3124,2742,2729,2731,3436,3447,2078,2647,2678,2429
MOD13Q1.A2010225.250m_16_days_NDVI,3109,3293,4408,2892,2491,3313,2308,2695,2918,3467,3656,2132,2156,2749,2826
MOD13Q1.A2010241.250m_16_days_NDVI,3214,2965,4558,2655,2514,3015,2177,2286,2904,3572,3505,1979,1753,2442,2589
MOD13Q1.A2010257.250m_16_days_NDVI,2884,2800,3560,2602,2122,3029,2506,2641,2570,3446,3152,1722,1799,2710,2551
MOD13Q1.A2010273.250m_16_days_NDVI,2487,2458,3017,2882,2297,2880,2347,2224,2571,3170,2886,2178,2072,2246,2701
MOD13Q1.A2010289.250m_16_days_NDVI,1806,2307,2879,1847,2206,2148,2043,2036,2185,2480,2777,1661,1504,2005,1619
MOD13Q1.A2010305.250m_16_days_NDVI,1739,2017,2293,1751,1854,1997,1787,1878,1963,2230,2542,1499,1414,1874,1543
MOD13Q1.A2010321.250m_16_days_NDVI,1734,1889,2068,1698,1978,1958,1609,1692,2145,2138,2430,1495,1416,1607,1485
MOD13Q1.A2010337.250m_16_days_NDVI,1744,2047,1832,1628,2114,1863,1628,1645,1955,1894,2216,1544,1328,1539,1425
MOD13Q1.A2010353.250m_16_days_NDVI,1569,1686,1948,1577,1615,1885,1576,1592,1945,1837,1929,1433,1371,1577,1397
MOD13Q1.A2011001.250m_16_days_NDVI,1660,1807,2073,1597,1641,1849,1575,1610,1942,2036,2142,1475,1400,1572,1451
MOD13Q1.A2011017.250m_16_days_NDVI,1601,1998,1989,1553,1693,1794,1520,1589,1932,1905,2280,1390,1420,1605,1523
MOD13Q1.A2011033.250m_16_days_NDVI,1758,1846,1969,1575,1857,1811,1588,1599,1938,1844,2088,1465,1465,1596,1508
MOD13Q1.A2011049.250m_16_days_NDVI,1516,1830,1895,1475,1590,1658,1491,1523,1733,1735,2065,1446,1357,1524,1440
MOD13Q1.A2011065.250m_16_days_NDVI,1481,1682,1727,1455,1448,1644,1435,1527,1677,1645,1748,1397,1425,1560,1385
MOD13Q1.A2011081.250m_16_days_NDVI,1477,1619,1769,1517,1460,1592,1469,1489,1663,1605,1730,1446,1409,1517,1342
MOD13Q1.A2011097.250m_16_days_NDVI,1427,1414,1692,1470,1347,1593,1472,1517,1571,1629,1716,1387,1337,1587,1381
MOD13Q1.A2011113.250m_16_days_NDVI,1372,1477,1659,1377,1402,1624,1472,1537,1477,1573,1616,1358,1330,1587,1476
MOD13Q1.A2011129.250m_16_days_NDVI,1439,1412,1637,1410,1534,1596,1523,1548,1573,1618,1672,1339,1328,1616,1300
MOD13Q1.A2011145.250m_16_days_NDVI,1569,1487,1772,1439,1477,1728,1609,1696,1601,1680,1781,1435,1409,1750,1398
MOD13Q1.A2011161.250m_16_days_NDVI,1467,1526,1888,1426,1438,1677,1593,1617,1604,1669,1774,1381,1361,1683,1393
MOD13Q1.A2011177.250m_16_days_NDVI,1594,1465,1776,1449,1515,1628,1585,1582,1534,1721,1823,1389,1312,1655,1375
MOD13Q1.A2011193.250m_16_days_NDVI,1519,1620,1732,1451,1466,1799,1655,1670,1590,1818,1695,1418,1415,1748,1446
MOD13Q1.A2011209.250m_16_days_NDVI,2652,1743,2390,1677,1660,1832,1577,1576,2189,2162,1902,1447,1563,1822,1619
MOD13Q1.A2011225.250m_16_days_NDVI,4548,2104,3878,1733,1951,2637,1655,1701,3696,3844,2552,1403,1703,2115,1548
MOD13Q1.A2011241.250m_16_days_NDVI,2931,1702,2973,1482,1659,2320,1550,1624,2733,2693,1896,1373,1495,2102,1374
MOD13Q1.A2011257.250m_16_days_NDVI,2487,1597,3041,1444,1626,2531,1502,1624,2459,2936,1796,1317,1457,2064,1361
MOD13Q1.A2011273.250m_16_days_NDVI,2132,1612,2851,1393,1602,1976,1499,1604,2100,2708,2026,1299,1278,1982,1257
MOD13Q1.A2011289.250m_16_days_NDVI,1816,1497,2260,1294,1582,1825,1486,1570,1864,2377,1781,1264,1319,1896,1289
MOD13Q1.A2011305.250m_16_days_NDVI,1748,1416,1757,1318,1562,1691,1401,1415,2016,2050,1636,1269,1300,1768,1244
MOD13Q1.A2011321.250m_16_days_NDVI,1795,1827,2136,1385,1773,1723,1531,1718,1959,2113,1797,1280,1456,1765,1369
MOD13Q1.A2011337.250m_16_days_NDVI,1564,1648,1626,1680,1606,1465,1443,1478,1823,1696,1781,1575,1438,1512,1515
MOD13Q1.A2011353.250m_16_days_NDVI,1604,1539,1635,1482,1484,1436,1291,1351,1578,1550,1513,1534,1416,1469,1388
MOD13Q1.A2012001.250m_16_days_NDVI,1356,1507,1609,1461,1646,1436,1291,1351,1578,1550,1639,1438,1416,1469,1400
MOD13Q1.A2012017.250m_16_days_NDVI,1363,1336,1547,1379,1332,1359,1367,1378,1534,1406,1687,1331,1283,1397,1233
MOD13Q1.A2012033.250m_16_days_NDVI,1371,1520,1552,1337,1353,1436,1372,1269,1529,1413,1572,1326,1302,1441,1249
MOD13Q1.A2012049.250m_16_days_NDVI,1377,1494,1434,1380,1339,1334,1402,1389,1530,1491,1810,1437,1292,1364,1298
MOD13Q1.A2012065.250m_16_days_NDVI,1348,1440,1466,1307,1352,1301,1323,1391,1517,1487,1774,1348,1354,1358,1214
MOD13Q1.A2012081.250m_16_days_NDVI,1398,1723,1483,1324,1446,1397,1436,1456,1753,1562,1835,1290,1317,1481,1266
MOD13Q1.A2012097.250m_16_days_NDVI,1530,1640,1571,1336,1576,1523,1495,1443,1765,1649,1880,1348,1320,1492,1261
MOD13Q1.A2012113.250m_16_days_NDVI,1581,1559,1850,1370,1590,1598,1789,1746,1802,1801,1777,1325,1631,1851,1304
MOD13Q1.A2012129.250m_16_days_NDVI,1680,1655,1933,1518,1586,1738,1719,1763,1814,1924,1923,1390,1542,1874,1409
MOD13Q1.A2012145.250m_16_days_NDVI,1563,1548,1835,1415,1614,1834,1744,1711,1774,1868,2017,1333,1369,1829,1348
MOD13Q1.A2012161.250m_16_days_NDVI,1572,1645,1801,1353,1453,1673,1749,1739,1708,1824,2031,1341,1412,1885,1286
MOD13Q1.A2012177.250m_16_days_NDVI,1508,1426,1709,1357,1444,1780,1707,1725,1658,1789,1707,1312,1605,1806,1288
MOD13Q1.A2012193.250m_16_days_NDVI,1750,1700,1970,1304,1617,1699,1835,1788,2124,1859,2242,1382,1534,1854,1263
MOD13Q1.A2012209.250m_16_days_NDVI,1793,1821,1897,1322,1607,1728,1747,1747,2145,1825,2017,1337,1508,1900,1252
MOD13Q1.A2012225.250m_16_days_NDVI,1777,1878,1842,1436,1729,1631,1654,1681,2083,1778,2538,1342,1386,1842,1320
MOD13Q1.A2012241.250m_16_days_NDVI,1718,1811,1779,1501,1980,1663,1691,1752,2047,2176,2044,1318,1702,1786,1397
MOD13Q1.A2012257.250m_16_days_NDVI,1683,2042,1843,1458,1824,1897,1731,1788,2082,2778,2706,1318,1828,1858,1360
MOD13Q1.A2012273.250m_16_days_NDVI,1681,1828,1777,1378,1809,1949,1670,1715,1962,2624,2462,1328,1826,1844,1318
MOD13Q1.A2012289.250m_16_days_NDVI,1454,1745,1722,1341,1697,1742,1704,1708,1897,2509,2180,1255,1684,1805,1292
MOD13Q1.A2012305.250m_16_days_NDVI,1547,1597,1623,1335,1649,1635,1589,1584,1755,2187,1932,1248,1529,1694,1185
MOD13Q1.A2012321.250m_16_days_NDVI,1419,1642,1502,1374,1764,1531,1405,1488,1944,1951,2095,1333,1406,1487,1260
MOD13Q1.A2012337.250m_16_days_NDVI,1500,1633,1471,1283,1731,1564,1350,1659,1894,1743,1816,1302,1504,1499,1187
MOD13Q1.A2012353.250m_16_days_NDVI,1466,1983,1508,1358,1892,1471,1384,1398,2013,1849,2121,1300,1425,1446,1202
